{
  "CONDITION_WOUNDED_THRESHOLD": 0.5,
  "CONDITION_INJURED_THRESHOLD": 0.35,
  "CONDITION_CRITICAL_THRESHOLD": 0.25,
  "CONDITION_PULSE_HZ": 3.0,
  "CONDITION_COLOR_SPRITE_HEALTHY": [
    1.0,
    1.0,
    1.0,
    1.0
  ],
  "CONDITION_COLOR_SPRITE_WOUNDED": [
    1.0,
    0.850000023841858,
    0.200000002980232,
    1.0
  ],
  "CONDITION_COLOR_SPRITE_INJURED": [
    1.0,
    0.649999976158142,
    0.25,
    1.0
  ],
  "CONDITION_COLOR_SPRITE_CRITICAL": [
    1.0,
    0.349999994039536,
    0.349999994039536,
    1.0
  ],
  "CONDITION_COLOR_GAUGE_HEALTHY": [
    0.25,
    0.800000011920929,
    0.300000011920929,
    1.0
  ],
  "CONDITION_COLOR_GAUGE_WOUNDED": [
    0.949999988079071,
    0.800000011920929,
    0.150000005960464,
    1.0
  ],
  "CONDITION_COLOR_GAUGE_INJURED": [
    0.949999988079071,
    0.550000011920929,
    0.150000005960464,
    1.0
  ],
  "CONDITION_COLOR_GAUGE_CRITICAL": [
    0.899999976158142,
    0.200000002980232,
    0.200000002980232,
    1.0
  ],
  "CONDITION_COLOR_TEXT_HEALTHY": [
    0.400000005960464,
    0.899999976158142,
    0.400000005960464,
    1.0
  ],
  "CONDITION_COLOR_TEXT_WOUNDED": [
    1.0,
    0.850000023841858,
    0.200000002980232,
    1.0
  ],
  "CONDITION_COLOR_TEXT_INJURED": [
    1.0,
    0.600000023841858,
    0.200000002980232,
    1.0
  ],
  "CONDITION_COLOR_TEXT_CRITICAL": [
    1.0,
    0.349999994039536,
    0.349999994039536,
    1.0
  ],
  "ATTACK_TYPE_MULT_MELEE": 0.2,
  "ATTACK_TYPE_MULT_RANGED": 0.1,
  "ATTACK_TYPE_MULT_DIVE": 0.2,
  "ATTACK_TYPE_MULT_MAGIC": 0.1,
  "COMBAT_RATIO_OVERWHELMING": 2.0,
  "COMBAT_RATIO_ADVANTAGE": 1.2,
  "COMBAT_RATIO_EVEN": 0.8,
  "COMBAT_RATIO_DISADVANTAGE": 0.5,
  "POWER_BALANCE_OVERWHELMING": 2.0,
  "POWER_BALANCE_SUPERIOR": 1.2,
  "POWER_BALANCE_EVEN": 0.8,
  "POWER_BALANCE_INFERIOR": 0.5,
  "NPC_FLOOR_DOWNGRADE_HP_RATIO": 0.5,
  "SPECIAL_SKILL_DISADVANTAGE_HP_RATIO": 0.5,
  "ITEM_TIER_STRENGTH_WEIGHT": 0.33,
  "COALITION_RADIUS_TILES": 6,
  "FLOOR_0_RANK_THRESHOLD": 0,
  "FLOOR_1_RANK_THRESHOLD": 8,
  "FLOOR_2_RANK_THRESHOLD": 13,
  "FLOOR_3_RANK_THRESHOLD": 18,
  "FLOOR_4_RANK_THRESHOLD": 24,
  "FLOOR_RETREAT_RATIO": 0.5,
  "NPC_POLICY_CHANGE_COOLDOWN": 3.0,
  "PARTY_FLEE_ALIVE_RATIO": 0.5,
  "SELF_FLEE_HP_THRESHOLD": 0.3,
  "FLEE_THREAT_RANGE": 5,
  "FLEE_THREAT_WEIGHT": 3.0,
  "FLEE_AREA_DISTANCE_WEIGHT": 10.0,
  "FLEE_SAFE_DISTANCE": 8,
  "KEEP_DISTANCE_MIN": 3,
  "KEEP_DISTANCE_MAX": 4,
  "KEEP_DISTANCE_REACH_WEIGHT": 0.5,
  "FALL_BACK_MARGIN": 2,
  "SPECIAL_ATTACK_MIN_ADJACENT_ENEMIES": 2,
  "SPECIAL_ATTACK_FIRE_ZONE_RANGE": 2,
  "SPECIAL_ATTACK_FIRE_ZONE_MIN_ENEMIES": 2,
  "POTION_SP_MP_AUTOUSE_THRESHOLD": 0.5,
  "CRITICAL_RATE_DIVISOR": 300.0,
  "ENERGY_RECOVERY_RATE": 3.0,
  "BASE_MOVE_DURATION": 0.3,
  "GUARD_MOVE_DURATION_WEIGHT": 2.0,
  "TURN_DELAY": 0.15,
  "AUTO_CANCEL_FLASH": 0.25,
  "SLIDING_STEP_DUR": 0.12,
  "OUTLINE_WIDTH_FOCUSED": 2.5,
  "OUTLINE_WIDTH_UNFOCUSED": 1.0,
  "TARGETED_MODULATE_STRENGTH": 1.5,
  "BUFF_EFFECT_ROT_SPEED_DEG": 60.0,
  "WHIRLPOOL_ROT_SPEED_DEG": 270.0,
  "PROJECTILE_SPEED": 2000.0,
  "PROJECTILE_SIZE_RATIO": 0.67,
  "DIVE_EFFECT_RADIUS_RATIO": 0.2,
  "ITEM_BONUS_LOW_RATIO": 0.33,
  "ITEM_BONUS_MID_RATIO": 0.67,
  "ITEM_BONUS_HIGH_RATIO": 1.0,
  "FLOOR_0_1_BASE_TIER": 1,
  "FLOOR_1_2_BASE_TIER": 2,
  "FLOOR_2_3_BASE_TIER": 3,
  "FLOOR_BASE_WEIGHT": 5,
  "FLOOR_NEIGHBOR_WEIGHT": 2,
  "FLOOR_FAR_WEIGHT": 0,
  "ITEM_TIER_POLICY": "max",
  "INITIAL_POTION_HEAL_COUNT": 5,
  "INITIAL_POTION_ENERGY_COUNT": 5
}